block_name,gp_name,lat,lon,source,notes
Cumbum,Surulipatty,9.7035,77.3002,Census 2011 / SOI,Surulipatti near Suruli Falls
K. Myladumparai,Megamalai,9.7000,77.4000,SOI Toposheet / Forest Dept,High Wavy Mountains plateau
Periyakulam,Devadanapatti,10.1460,77.6438,Census 2011 Village Directory,Near Manjalar dam basin
Bodinayakanur,Silamalai,9.9712,77.3458,Census 2011 / Survey of India,Foothills of Western Ghats
Periyakulam,Melmangalam,10.0915,77.5620,Census 2011,Horticulture mango belt
Andipatti,Rajadhani,9.9830,77.6710,Census 2011 / PWD,Vaigai dam command area
Theni,Koduvilarpatty,9.9720,77.5010,Census 2011,Theni south-central agricultural plain
Uthamapalayam,Gokilapuram,9.8320,77.3310,Census 2011,Cumbum valley irrigated tract
Bodinayakanur,Dombuchery,10.0210,77.4020,Census 2011 / SOI,Bodi central plain
Theni,Kottur,9.9540,77.4520,Census 2011,River Vaigai plain
K. Myladumparai,Varusanadu,9.7550,77.5320,Census 2011,Varusanadu valley settlement
Andipatti,Kunnur,10.0220,77.6410,Census 2011,Andipatti eastern dry zone
