block_name,gp_name
Andipatti,Ammachiapuram
Andipatti,Anuppapatti
Andipatti,Bodithasanpatti
Andipatti,Ethakoil
Andipatti,Kadirnarasingapuram
Andipatti,Kanniservaipatty
Andipatti,Kothaluthu
Andipatti,Kothapatti
Andipatti,Kovilpatti
Andipatti,Kunnur
Andipatti,Marikkundu
Andipatti,Mottanuthu
Andipatti,Okkaraipatti
Andipatti,Palacombai
Andipatti,Palayakottai
Andipatti,Pitchampatti
Andipatti,Rajakkalpatti
Andipatti,Rajadhani
Andipatti,Ramakrishnapuram
Andipatti,Rengasamudram
Andipatti,Shanmugasundarapuram
Andipatti,Sitharpatti
Andipatti,T.Subbulapuram
Andipatti,Thekkampatti
Andipatti,Theppampatti
Andipatti,Thimmarasanayakanur
Andipatti,Thirumalapuram
Andipatti,G.Usilampatti
Andipatti,Pullimankombai
Andipatti,Rajagopalanpatti
Bodinayakanur,Ahamalai
Bodinayakanur,Ammapatti
Bodinayakanur,Annaikaraipatty
Bodinayakanur,Dombuchery
Bodinayakanur,Kamarajapuram
Bodinayakanur,Kodangipatty
Bodinayakanur,Kottakudi
Bodinayakanur,Koolayanur
Bodinayakanur,Maniyampatty
Bodinayakanur,Manjinayakanpatty
Bodinayakanur,Nagalapuram
Bodinayakanur,Rasingapuram
Bodinayakanur,Silamalai
Bodinayakanur,Sillamarathupatty
Bodinayakanur,Uppukottai
Chinnamanur,Alagapuri
Chinnamanur,Ayyampatti
Chinnamanur,Chinnaovalapuram
Chinnamanur,Erranampatty
Chinnamanur,Erasakkanayakanur
Chinnamanur,Kamtchipuram
Chinnamanur,Kanniservaipatty
Chinnamanur,Muthulapuram
Chinnamanur,Pottipuram
Chinnamanur,Pulananthapuram
Chinnamanur,Pulikkuthi
Chinnamanur,Sankarapuram
Chinnamanur,Seepalakottai
Chinnamanur,Veppampatty
K. Myladumparai,Athangaraipatty
K. Myladumparai,Ettaparajapuram
K. Myladumparai,Gandamanur
K. Myladumparai,Duraichamipuram
K. Myladumparai,Kumanatholu
K. Myladumparai,Manthisunai-Moolakadai
K. Myladumparai,Megamalai
K. Myladumparai,Kadamalaikundu
K. Myladumparai,Myladumparai
K. Myladumparai,Murukodai
K. Myladumparai,Nariyuthu
K. Myladumparai,Muthalamparrai
K. Myladumparai,Ponnanpadugai
K. Myladumparai,Singarajapuram
K. Myladumparai,Thummakkundu
K. Myladumparai,Palothu
K. Myladumparai,Thangamalpuram
K. Myladumparai,Varusanadu
Cumbum,Aangurpalayam
Cumbum,Karunakamuthanpatty
Cumbum,Kullappagoundanpatty
Cumbum,Narayanthevanpatty
Cumbum,Surulipatty
Periyakulam,A.Vadipatti
Periyakulam,Algarnaickanpatti
Periyakulam,Bomminaikanpatti
Periyakulam,D.Vadipatti
Periyakulam,Endapulli
Periyakulam,Erumalanaickanpatti
Periyakulam,G.Kallupatti
Periyakulam,Gullapuram
Periyakulam,Jayamangalam
Periyakulam,Keelavadagarai
Periyakulam,Lakshmipuram
Periyakulam,Melmangalam
Periyakulam,Muthalakampatti
Periyakulam,Sallipatti
Periyakulam,Sarathupatti
Periyakulam,Silvarpatty
Periyakulam,Vadaputhupatti
Theni,Ambasamudram
Theni,Aranamaipudur
Theni,Dharmapuri
Theni,Vengatachalapuram
Theni,Govindanagaram
Theni,Jangalpatty
Theni,Kattunaickanpatty
Theni,Koduvilarpatty
Theni,Kottur
Theni,Kuppinaickanpatty
Theni,Nagalapuram
Theni,Pommalaikundu
Theni,Seelayampatty
Theni,Srirengapuram
Theni,Thadicheri
Theni,Thappukundu
Theni,Upparpatty
Theni,Unjampatty
Uthamapalayam,Annaimalayanpatty
Uthamapalayam,Gokilapuram
Uthamapalayam,Lakshminayakanpatty
Uthamapalayam,Nagayagoundanpatty
Uthamapalayam,Pallavarayanpatti
Uthamapalayam,Ramasamynayakanpatty
Uthamapalayam,Royappanpatty
Uthamapalayam,T.Meenatchipuram
Uthamapalayam,T.Renganathapuram
Uthamapalayam,T.Sindalaichery
Uthamapalayam,Thamminayakanpatty
Uthamapalayam,U.Ammapatty
Uthamapalayam,Melasindalaicery
