gp_id,gp_name,block_id,block_name,lat,lon,verified,verified_status,elev,elev_anom,slope,aspect_sin,aspect_cos,tpi,dist_water,lc_crop,lc_tree,lc_built,lc_water,ndvi_mean,clim_tmax,clim_tmin,clim_rain
GP_001,Ammachiapuram,ANDI,Andipatti,10.08,77.66698,0,UNVERIFIED_DRAFT,327.4,13.1,3.25,-0.9936,-0.1129,-11.12,8.7,0.5633,0.2636,0.1553,0.0178,0.56,33.96,21.87,1.82
GP_002,Anuppapatti,ANDI,Andipatti,10.03586,77.66263,0,UNVERIFIED_DRAFT,343.3,29.0,4.97,0.7685,0.6399,-15.24,7.99,0.5738,0.1712,0.2232,0.0318,0.523,33.52,21.93,2.63
GP_003,Bodithasanpatti,ANDI,Andipatti,10.0243,77.63382,0,UNVERIFIED_DRAFT,269.7,-44.6,4.18,0.3974,0.9176,-6.0,5.65,0.6308,0.2674,0.0925,0.0094,0.613,34.35,22.55,2.53
GP_004,Ethakoil,ANDI,Andipatti,9.95684,77.66621,0,UNVERIFIED_DRAFT,323.6,9.3,1.22,-0.1258,-0.9921,10.92,13.52,0.4818,0.3069,0.1727,0.0386,0.558,34.1,21.67,2.38
GP_005,G.Usilampatti,ANDI,Andipatti,9.96101,77.63288,0,UNVERIFIED_DRAFT,293.9,-20.4,5.4,0.9812,-0.1931,-11.31,11.27,0.5298,0.2789,0.1462,0.045,0.595,34.33,22.17,2.15
GP_006,Kadirnarasingapuram,ANDI,Andipatti,9.90418,77.6709,0,UNVERIFIED_DRAFT,348.5,34.2,3.18,0.8905,-0.455,-4.1,18.77,0.5456,0.3099,0.1012,0.0433,0.614,33.8,22.27,3.06
GP_007,Kanniservaipatty,ANDI,Andipatti,10.0188,77.62438,0,UNVERIFIED_DRAFT,308.7,-5.6,6.32,-0.1423,-0.9898,-3.99,5.28,0.611,0.1533,0.1816,0.054,0.535,34.1,21.74,2.36
GP_008,Kothaluthu,ANDI,Andipatti,10.00349,77.61844,0,UNVERIFIED_DRAFT,336.0,21.7,3.12,0.8484,0.5293,-4.27,6.32,0.607,0.2614,0.0935,0.0381,0.608,34.52,21.91,2.5
GP_009,Kothapatti,ANDI,Andipatti,9.953,77.67843,0,UNVERIFIED_DRAFT,296.3,-18.0,0.87,-0.9101,0.4145,-26.55,14.69,0.6151,0.2298,0.1141,0.0411,0.583,34.48,21.6,2.32
GP_010,Kovilpatti,ANDI,Andipatti,10.00359,77.71426,0,UNVERIFIED_DRAFT,359.1,44.8,3.47,0.9493,-0.3143,-16.74,14.51,0.4829,0.3883,0.0975,0.0313,0.617,33.52,22.52,2.85
GP_011,Kunnur,ANDI,Andipatti,10.022,77.641,1,VERIFIED,337.7,23.4,1.86,0.7384,-0.6743,14.05,6.44,0.6811,0.1774,0.1216,0.0199,0.615,34.81,22.53,2.6
GP_012,Marikkundu,ANDI,Andipatti,10.08,77.66892,0,UNVERIFIED_DRAFT,297.2,-17.1,4.67,0.8892,0.4575,-12.23,8.9,0.4851,0.3961,0.0939,0.0249,0.648,33.9,22.5,2.99
GP_013,Mottanuthu,ANDI,Andipatti,10.00862,77.70428,0,UNVERIFIED_DRAFT,253.7,-60.6,3.83,0.5522,0.8337,-14.4,13.29,0.5815,0.3076,0.0741,0.0368,0.658,34.76,22.98,2.65
GP_014,Okkaraipatti,ANDI,Andipatti,9.91823,77.60443,0,UNVERIFIED_DRAFT,267.4,-46.9,5.39,0.987,0.161,13.25,15.16,0.4787,0.331,0.1759,0.0144,0.601,34.75,22.9,3.17
GP_015,Palacombai,ANDI,Andipatti,9.98893,77.65867,0,UNVERIFIED_DRAFT,301.4,-12.9,2.14,0.9954,-0.0954,8.79,10.28,0.4787,0.3155,0.1288,0.0771,0.576,33.8,22.37,2.31
GP_016,Palayakottai,ANDI,Andipatti,10.00251,77.65146,0,UNVERIFIED_DRAFT,344.2,29.9,3.58,0.8969,0.4421,-1.37,8.67,0.5265,0.3064,0.1386,0.0285,0.561,33.48,21.97,2.86
GP_017,Pitchampatti,ANDI,Andipatti,10.03135,77.64755,0,UNVERIFIED_DRAFT,317.5,3.2,1.26,-0.3905,0.9206,6.3,6.58,0.6407,0.2368,0.0773,0.0451,0.611,34.61,22.72,2.31
GP_018,Pullimankombai,ANDI,Andipatti,10.00162,77.62822,0,UNVERIFIED_DRAFT,358.4,44.1,5.13,-0.9295,0.3688,-6.04,7.05,0.4823,0.3609,0.1145,0.0423,0.629,34.25,21.94,2.85
GP_019,Rajadhani,ANDI,Andipatti,9.983,77.671,1,VERIFIED,283.0,-31.3,3.07,-0.4723,-0.8815,-0.4,11.71,0.6538,0.1408,0.1768,0.0286,0.549,34.12,22.35,3.07
GP_020,Rajagopalanpatti,ANDI,Andipatti,10.02014,77.68087,0,UNVERIFIED_DRAFT,314.5,0.2,4.49,0.5109,0.8596,-12.71,10.43,0.5541,0.1977,0.2056,0.0426,0.469,34.35,22.05,2.86
GP_021,Rajakkalpatti,ANDI,Andipatti,10.02375,77.65654,0,UNVERIFIED_DRAFT,282.3,-32.0,3.29,0.1586,0.9873,-7.72,7.83,0.6612,0.2061,0.0991,0.0336,0.549,34.86,22.99,2.71
GP_022,Ramakrishnapuram,ANDI,Andipatti,9.97263,77.61861,0,UNVERIFIED_DRAFT,367.8,53.5,1.11,0.9999,0.0143,18.44,9.51,0.6424,0.1836,0.1308,0.0432,0.545,33.91,20.72,2.34
GP_023,Rengasamudram,ANDI,Andipatti,9.95255,77.66197,0,UNVERIFIED_DRAFT,301.2,-13.1,1.25,0.5954,-0.8035,15.43,13.64,0.647,0.2273,0.0961,0.0296,0.674,34.52,22.75,2.54
GP_024,Shanmugasundarapuram,ANDI,Andipatti,9.98975,77.71156,0,UNVERIFIED_DRAFT,312.1,-2.2,4.66,-0.4566,-0.8896,1.26,14.91,0.6654,0.1418,0.1928,0.0,0.544,34.53,22.44,2.41
GP_025,Sitharpatti,ANDI,Andipatti,10.00572,77.71488,0,UNVERIFIED_DRAFT,302.7,-11.6,2.61,-0.8275,0.5614,-6.22,14.49,0.4872,0.3089,0.1687,0.0353,0.583,34.1,22.73,2.77
GP_026,T.Subbulapuram,ANDI,Andipatti,9.9503,77.65189,0,UNVERIFIED_DRAFT,285.1,-29.2,0.5,-0.9863,0.1652,-12.21,13.27,0.6036,0.2334,0.1111,0.0519,0.611,34.79,22.99,2.61
GP_027,Thekkampatti,ANDI,Andipatti,9.94385,77.64501,0,UNVERIFIED_DRAFT,333.9,19.6,2.94,0.6413,-0.7673,-2.71,13.55,0.4635,0.3822,0.1542,0.0,0.582,34.63,21.73,2.83
GP_028,Theppampatti,ANDI,Andipatti,10.04117,77.63952,0,UNVERIFIED_DRAFT,333.3,19.0,2.24,-0.3062,-0.952,-0.09,5.39,0.6499,0.2391,0.0873,0.0237,0.624,33.93,21.88,2.67
GP_029,Thimmarasanayakanur,ANDI,Andipatti,9.99358,77.66774,0,UNVERIFIED_DRAFT,318.6,4.3,2.59,0.4414,0.8973,5.59,10.67,0.5808,0.312,0.092,0.0152,0.661,33.43,22.92,2.51
GP_030,Thirumalapuram,ANDI,Andipatti,10.08,77.62364,0,UNVERIFIED_DRAFT,309.8,-4.5,2.27,0.6791,0.734,-0.48,4.51,0.6018,0.19,0.1455,0.0627,0.553,34.47,22.61,2.48
GP_031,Ahamalai,BODI,Bodinayakanur,9.97334,77.4202,0,UNVERIFIED_DRAFT,527.8,-15.8,18.58,0.4472,0.8944,4.74,13.6,0.4851,0.3773,0.119,0.0187,0.665,33.37,21.86,3.06
GP_032,Ammapatti,BODI,Bodinayakanur,9.96398,77.37637,0,UNVERIFIED_DRAFT,568.3,24.7,9.78,0.9254,0.3791,7.84,10.15,0.5053,0.3112,0.1341,0.0494,0.591,33.38,21.29,3.03
GP_033,Annaikaraipatty,BODI,Bodinayakanur,10.03237,77.42794,0,UNVERIFIED_DRAFT,488.6,-55.0,21.45,-0.5309,0.8474,7.42,11.37,0.6083,0.2668,0.1,0.0249,0.598,33.26,20.91,3.09
GP_034,Dombuchery,BODI,Bodinayakanur,10.021,77.402,1,VERIFIED,517.0,-26.6,20.15,0.1954,-0.9807,2.79,13.87,0.5251,0.2717,0.1616,0.0416,0.55,33.21,20.77,3.02
GP_035,Kamarajapuram,BODI,Bodinayakanur,9.99806,77.36306,0,UNVERIFIED_DRAFT,546.4,2.8,21.59,0.991,0.1338,10.6,13.37,0.6832,0.1783,0.1046,0.0338,0.653,32.81,21.66,3.2
GP_036,Kodangipatty,BODI,Bodinayakanur,10.04565,77.39123,0,UNVERIFIED_DRAFT,565.6,22.0,24.66,0.5699,-0.8217,1.66,12.49,0.5591,0.3271,0.0741,0.0398,0.654,31.94,20.46,2.59
GP_037,Koolayanur,BODI,Bodinayakanur,9.96977,77.32904,0,UNVERIFIED_DRAFT,553.1,9.5,22.81,-0.0878,-0.9961,-4.87,10.05,0.5817,0.2796,0.1134,0.0253,0.624,32.61,20.33,3.16
GP_038,Kottakudi,BODI,Bodinayakanur,10.0136,77.4229,0,UNVERIFIED_DRAFT,534.1,-9.5,25.24,0.9981,0.0619,-14.41,13.5,0.6745,0.201,0.1143,0.0101,0.596,33.23,20.71,3.26
GP_039,Maniyampatty,BODI,Bodinayakanur,10.02342,77.32935,0,UNVERIFIED_DRAFT,543.8,0.2,13.74,0.8967,0.4427,-14.34,15.99,0.6294,0.3019,0.0356,0.0332,0.647,32.99,21.53,3.39
GP_040,Manjinayakanpatty,BODI,Bodinayakanur,9.95277,77.40689,0,UNVERIFIED_DRAFT,498.3,-45.3,14.08,0.9676,0.2526,5.8,10.92,0.7068,0.1353,0.0803,0.0776,0.634,32.98,21.53,3.1
GP_041,Nagalapuram,BODI,Bodinayakanur,10.05827,77.28006,0,UNVERIFIED_DRAFT,699.7,156.1,25.22,0.6236,0.7817,15.24,20.88,0.5076,0.3088,0.1398,0.0438,0.578,31.35,19.93,3.34
GP_042,Rasingapuram,BODI,Bodinayakanur,10.05967,77.39673,0,UNVERIFIED_DRAFT,509.7,-33.9,19.81,-0.9024,-0.4309,9.11,10.99,0.5213,0.3497,0.1168,0.0121,0.656,33.22,20.82,2.99
GP_043,Silamalai,BODI,Bodinayakanur,9.9712,77.3458,1,VERIFIED,521.9,-21.7,10.2,-0.7937,-0.6083,-19.14,10.16,0.6169,0.2415,0.1198,0.0218,0.586,32.74,20.92,2.96
GP_044,Sillamarathupatty,BODI,Bodinayakanur,9.96789,77.40025,0,UNVERIFIED_DRAFT,505.5,-38.1,13.53,-0.6041,0.7969,-5.45,11.79,0.6177,0.2043,0.1456,0.0323,0.563,32.67,21.03,3.26
GP_045,Uppukottai,BODI,Bodinayakanur,9.94896,77.33771,0,UNVERIFIED_DRAFT,574.9,31.3,12.63,-0.4293,0.9032,20.43,7.67,0.6219,0.2836,0.0782,0.0163,0.595,32.7,19.78,3.09
GP_046,Alagapuri,CHIN,Chinnamanur,9.83931,77.39957,0,UNVERIFIED_DRAFT,329.5,-29.1,0.76,-0.4886,-0.8725,-1.62,7.94,0.7706,0.1136,0.069,0.0468,0.575,34.02,22.63,2.43
GP_047,Ayyampatti,CHIN,Chinnamanur,9.85874,77.39164,0,UNVERIFIED_DRAFT,374.3,15.7,1.47,-0.9979,0.0642,-13.79,6.13,0.8422,0.0688,0.0472,0.0418,0.615,34.08,22.61,2.63
GP_048,Chinnaovalapuram,CHIN,Chinnamanur,9.81507,77.43126,0,UNVERIFIED_DRAFT,344.0,-14.6,2.43,0.8564,0.5163,-3.29,12.33,0.6971,0.1361,0.0869,0.0799,0.606,33.95,22.63,2.48
GP_049,Erasakkanayakanur,CHIN,Chinnamanur,9.8251,77.42722,0,UNVERIFIED_DRAFT,268.7,-89.9,1.69,0.2323,-0.9726,0.41,11.34,0.7569,0.1001,0.0995,0.0435,0.608,34.93,22.6,2.33
GP_050,Erranampatty,CHIN,Chinnamanur,9.86832,77.36885,0,UNVERIFIED_DRAFT,368.7,10.1,3.8,0.861,-0.5085,-3.45,3.42,0.686,0.1351,0.096,0.0829,0.578,34.02,21.83,2.4
GP_051,Kamtchipuram,CHIN,Chinnamanur,9.86746,77.35785,0,UNVERIFIED_DRAFT,394.4,35.8,1.96,0.2091,0.9779,4.08,2.4,0.6945,0.1391,0.1023,0.0641,0.564,33.59,21.65,3.01
GP_052,Kanniservaipatty,CHIN,Chinnamanur,9.83131,77.41585,0,UNVERIFIED_DRAFT,374.1,15.5,5.99,-0.2652,-0.9642,0.07,9.92,0.7608,0.1203,0.0328,0.0861,0.628,33.87,22.09,2.33
GP_053,Muthulapuram,CHIN,Chinnamanur,9.79,77.35899,0,UNVERIFIED_DRAFT,450.2,91.6,3.73,0.1135,0.9935,6.26,10.16,0.7017,0.1649,0.09,0.0434,0.561,32.86,22.32,2.93
GP_054,Pottipuram,CHIN,Chinnamanur,9.87023,77.34831,0,UNVERIFIED_DRAFT,374.5,15.9,3.34,0.653,0.7574,-1.75,1.42,0.6852,0.2149,0.0293,0.0707,0.621,33.71,21.58,2.17
GP_055,Pulananthapuram,CHIN,Chinnamanur,9.90124,77.35153,0,UNVERIFIED_DRAFT,397.9,39.3,3.63,0.8223,-0.5691,2.16,2.68,0.7788,0.1075,0.0915,0.0222,0.592,33.73,21.32,2.97
GP_056,Pulikkuthi,CHIN,Chinnamanur,9.79651,77.34511,0,UNVERIFIED_DRAFT,367.4,8.8,5.44,-0.7386,-0.6741,-22.76,9.3,0.6848,0.1089,0.1635,0.0428,0.546,33.92,22.1,2.61
GP_057,Sankarapuram,CHIN,Chinnamanur,9.84645,77.37267,0,UNVERIFIED_DRAFT,336.3,-22.3,2.52,0.2276,0.9737,12.56,5.17,0.6951,0.2696,0.0235,0.0118,0.621,33.66,22.27,2.69
GP_058,Seepalakottai,CHIN,Chinnamanur,9.818,77.38831,0,UNVERIFIED_DRAFT,338.1,-20.5,3.23,0.9915,-0.13,-3.78,8.69,0.584,0.2446,0.1068,0.0646,0.606,33.67,21.97,2.75
GP_059,Veppampatty,CHIN,Chinnamanur,9.81684,77.39261,0,UNVERIFIED_DRAFT,301.7,-56.9,4.78,0.5849,0.8111,-1.49,9.09,0.6454,0.1833,0.0935,0.0778,0.551,34.1,22.01,2.1
GP_060,Aangurpalayam,CUMB,Cumbum,9.73065,77.3106,0,UNVERIFIED_DRAFT,525.4,67.1,1.27,0.686,-0.7276,-14.53,2.85,0.6441,0.2207,0.0482,0.0871,0.546,33.58,21.23,3.06
GP_061,Karunakamuthanpatty,CUMB,Cumbum,9.72542,77.28681,0,UNVERIFIED_DRAFT,458.8,0.5,4.22,-0.7355,0.6775,-0.23,1.08,0.6615,0.1398,0.1175,0.0811,0.581,33.09,21.35,2.52
GP_062,Kullappagoundanpatty,CUMB,Cumbum,9.74359,77.29893,0,UNVERIFIED_DRAFT,474.2,15.9,0.57,-0.3339,-0.9426,-3.59,1.8,0.6973,0.168,0.0802,0.0546,0.647,33.64,20.7,2.56
GP_063,Narayanthevanpatty,CUMB,Cumbum,9.71043,77.33963,0,UNVERIFIED_DRAFT,424.4,-33.9,3.55,0.8648,0.5021,-10.78,6.58,0.7805,0.099,0.1093,0.0112,0.566,34.1,21.35,2.98
GP_064,Surulipatty,CUMB,Cumbum,9.7035,77.3002,1,VERIFIED,408.5,-49.8,7.25,-0.3866,0.9223,-10.44,3.88,0.6707,0.2139,0.0688,0.0466,0.688,33.63,22.25,2.55
GP_065,Athangaraipatty,KMYL,K. Myladumparai,9.8207,77.56115,0,UNVERIFIED_DRAFT,810.5,-17.1,29.12,-0.926,-0.3774,-9.37,25.11,0.3482,0.5877,0.0551,0.009,0.7,30.35,20.04,3.48
GP_066,Duraichamipuram,KMYL,K. Myladumparai,9.83866,77.52753,0,UNVERIFIED_DRAFT,796.6,-31.0,24.89,-0.9938,-0.1115,15.79,21.05,0.3337,0.5791,0.0516,0.0357,0.661,30.48,19.83,3.9
GP_067,Ettaparajapuram,KMYL,K. Myladumparai,9.72557,77.58561,0,UNVERIFIED_DRAFT,859.3,31.7,10.84,-0.5064,0.8623,20.7,31.92,0.3748,0.5654,0.0389,0.0209,0.701,30.17,19.51,3.7
GP_068,Gandamanur,KMYL,K. Myladumparai,9.7939,77.58249,0,UNVERIFIED_DRAFT,867.2,39.6,16.93,0.917,-0.3988,16.02,28.24,0.2735,0.6702,0.0561,0.0003,0.691,31.04,19.3,4.35
GP_069,Kadamalaikundu,KMYL,K. Myladumparai,9.82226,77.54617,0,UNVERIFIED_DRAFT,793.0,-34.6,26.96,0.1261,-0.992,27.8,23.48,0.1866,0.7844,0.0128,0.0161,0.738,31.05,19.36,3.53
GP_070,Kumanatholu,KMYL,K. Myladumparai,9.82808,77.5131,0,UNVERIFIED_DRAFT,772.0,-55.6,6.9,-0.9039,-0.4278,-4.11,19.82,0.2568,0.6626,0.0381,0.0425,0.643,31.46,19.86,3.92
GP_071,Manthisunai-Moolakadai,KMYL,K. Myladumparai,9.81728,77.47204,0,UNVERIFIED_DRAFT,823.2,-4.4,33.23,0.9926,0.1212,6.24,16.06,0.3636,0.583,0.0309,0.0225,0.676,30.82,19.04,4.15
GP_072,Megamalai,KMYL,K. Myladumparai,9.7,77.4,1,VERIFIED,896.7,69.1,20.56,0.9871,0.1599,8.35,13.19,0.1772,0.67,0.0792,0.0736,0.622,30.34,19.22,4.22
GP_073,Murukodai,KMYL,K. Myladumparai,9.75571,77.63,0,UNVERIFIED_DRAFT,860.8,33.2,30.56,0.5197,0.8543,-12.23,33.43,0.418,0.5413,0.025,0.0157,0.683,31.0,18.88,2.97
GP_074,Muthalamparrai,KMYL,K. Myladumparai,9.8251,77.50616,0,UNVERIFIED_DRAFT,779.5,-48.1,25.73,0.817,-0.5766,19.15,19.2,0.3718,0.5634,0.0449,0.0198,0.689,31.7,20.08,3.94
GP_075,Myladumparai,KMYL,K. Myladumparai,9.69269,77.56003,0,UNVERIFIED_DRAFT,900.3,72.7,25.52,-0.6782,-0.7349,4.26,30.51,0.2727,0.6842,0.0254,0.0177,0.711,30.64,19.25,4.06
GP_076,Nariyuthu,KMYL,K. Myladumparai,9.79586,77.63,0,UNVERIFIED_DRAFT,821.8,-5.8,23.41,-0.1179,0.993,-8.34,29.0,0.3733,0.488,0.0581,0.0805,0.622,31.07,19.62,4.38
GP_077,Palothu,KMYL,K. Myladumparai,9.79803,77.55404,0,UNVERIFIED_DRAFT,817.5,-10.1,20.17,-0.7401,-0.6724,16.63,25.16,0.2818,0.6601,0.0339,0.0242,0.691,30.28,19.93,3.75
GP_078,Ponnanpadugai,KMYL,K. Myladumparai,9.80181,77.55594,0,UNVERIFIED_DRAFT,823.7,-3.9,20.7,0.1539,0.9881,6.11,25.21,0.248,0.6649,0.0261,0.061,0.633,30.09,19.69,3.76
GP_079,Singarajapuram,KMYL,K. Myladumparai,9.83253,77.47476,0,UNVERIFIED_DRAFT,771.2,-56.4,22.75,0.4948,0.869,30.83,15.68,0.2576,0.6985,0.0168,0.0272,0.718,30.82,20.46,4.04
GP_080,Thangamalpuram,KMYL,K. Myladumparai,9.80303,77.57535,0,UNVERIFIED_DRAFT,811.6,-16.0,14.23,0.1944,0.9809,3.96,27.17,0.4203,0.4833,0.0408,0.0556,0.662,31.23,19.8,4.01
GP_081,Thummakkundu,KMYL,K. Myladumparai,9.77115,77.51898,0,UNVERIFIED_DRAFT,854.0,26.4,26.47,0.7343,0.6788,32.74,23.04,0.2187,0.6966,0.0432,0.0415,0.654,30.23,19.22,3.78
GP_082,Varusanadu,KMYL,K. Myladumparai,9.755,77.532,1,VERIFIED,837.5,9.9,8.95,-0.9557,0.2944,22.47,25.21,0.1853,0.7701,0.0445,0.0,0.653,31.18,19.75,4.08
GP_083,A.Vadipatti,PERI,Periyakulam,10.07614,77.49172,0,UNVERIFIED_DRAFT,346.2,-38.5,9.31,0.9988,0.05,24.02,5.85,0.5249,0.2798,0.1833,0.012,0.564,33.96,22.1,2.55
GP_084,Algarnaickanpatti,PERI,Periyakulam,10.16035,77.56349,0,UNVERIFIED_DRAFT,354.4,-30.3,10.28,-0.9285,-0.3712,-10.63,4.82,0.4865,0.292,0.1737,0.0479,0.558,33.76,22.37,2.73
GP_085,Bomminaikanpatti,PERI,Periyakulam,10.13074,77.52293,0,UNVERIFIED_DRAFT,411.3,26.6,12.04,0.8462,-0.5329,1.15,5.61,0.5918,0.2148,0.1584,0.0349,0.628,33.5,21.86,2.46
GP_086,D.Vadipatti,PERI,Periyakulam,10.05907,77.53732,0,UNVERIFIED_DRAFT,361.5,-23.2,11.97,0.0113,-0.9999,11.29,6.01,0.6222,0.2453,0.1046,0.0279,0.619,33.56,21.95,2.13
GP_087,Endapulli,PERI,Periyakulam,10.11317,77.54543,0,UNVERIFIED_DRAFT,394.0,9.3,12.09,-0.999,-0.0458,-18.64,8.14,0.5657,0.1538,0.2461,0.0343,0.557,33.11,21.64,2.96
GP_088,Erumalanaickanpatti,PERI,Periyakulam,10.11875,77.58843,0,UNVERIFIED_DRAFT,386.3,1.6,11.63,-0.7356,-0.6774,-12.54,7.21,0.5163,0.2983,0.148,0.0373,0.56,33.54,21.91,3.05
GP_089,G.Kallupatti,PERI,Periyakulam,10.07109,77.48,0,UNVERIFIED_DRAFT,399.0,14.3,8.02,0.3369,-0.9415,-22.34,6.06,0.6363,0.1748,0.1473,0.0416,0.56,34.05,21.35,3.07
GP_090,Gullapuram,PERI,Periyakulam,10.0998,77.48669,0,UNVERIFIED_DRAFT,355.2,-29.5,3.28,0.4456,0.8953,-2.72,3.23,0.6301,0.1665,0.1806,0.0227,0.502,33.84,22.69,2.87
GP_091,Jayamangalam,PERI,Periyakulam,10.04,77.59829,0,UNVERIFIED_DRAFT,367.8,-16.9,8.1,0.2284,0.9736,8.47,1.7,0.5731,0.2959,0.0992,0.0318,0.646,33.81,22.17,2.55
GP_092,Keelavadagarai,PERI,Periyakulam,10.12212,77.52306,0,UNVERIFIED_DRAFT,360.7,-24.0,9.69,-0.3879,0.9217,-6.88,5.6,0.6296,0.246,0.1244,0.0,0.627,34.11,22.46,1.76
GP_093,Lakshmipuram,PERI,Periyakulam,10.09936,77.60602,0,UNVERIFIED_DRAFT,453.1,68.4,8.94,0.7691,0.6391,-9.38,5.27,0.5954,0.2637,0.0911,0.0499,0.597,33.59,21.18,2.88
GP_094,Melmangalam,PERI,Periyakulam,10.0915,77.562,1,VERIFIED,450.1,65.4,13.35,-0.4292,-0.9032,3.08,5.31,0.5703,0.2978,0.1257,0.0062,0.651,32.94,21.69,2.65
GP_095,Muthalakampatti,PERI,Periyakulam,10.1602,77.57642,0,UNVERIFIED_DRAFT,377.8,-6.9,10.82,-0.7257,0.688,3.41,3.7,0.6176,0.2628,0.1195,0.0,0.577,34.28,22.19,2.89
GP_096,Sallipatti,PERI,Periyakulam,10.12823,77.50779,0,UNVERIFIED_DRAFT,402.2,17.5,14.66,0.6855,0.7281,-2.61,3.93,0.6185,0.2917,0.0884,0.0014,0.673,33.37,21.43,2.1
GP_097,Sarathupatti,PERI,Periyakulam,10.10998,77.5119,0,UNVERIFIED_DRAFT,357.6,-27.1,4.21,0.9898,0.1423,1.7,4.68,0.4807,0.3377,0.1816,0.0,0.554,34.02,22.52,2.48
GP_098,Silvarpatty,PERI,Periyakulam,10.18,77.50838,0,UNVERIFIED_DRAFT,379.3,-5.4,4.87,0.5938,-0.8046,-15.33,7.3,0.4964,0.3388,0.1335,0.0314,0.609,34.2,22.26,2.77
GP_099,Vadaputhupatti,PERI,Periyakulam,10.06274,77.48785,0,UNVERIFIED_DRAFT,383.6,-1.1,9.25,0.3697,0.9292,-1.89,7.14,0.6391,0.2611,0.0866,0.0133,0.589,34.21,21.68,2.12
GP_100,Ambasamudram,THENI,Theni,10.03807,77.42997,0,UNVERIFIED_DRAFT,308.9,14.7,6.23,0.9899,-0.1417,-1.82,10.71,0.4539,0.1568,0.366,0.0233,0.44,33.78,22.1,2.7
GP_101,Aranamaipudur,THENI,Theni,10.03131,77.48859,0,UNVERIFIED_DRAFT,239.2,-55.0,4.29,-0.2308,0.973,3.18,10.57,0.5195,0.1277,0.3007,0.0521,0.466,35.25,22.88,2.51
GP_102,Dharmapuri,THENI,Theni,10.0028,77.54,0,UNVERIFIED_DRAFT,309.0,14.8,4.4,0.5304,-0.8478,-18.37,8.05,0.4869,0.1495,0.2885,0.0751,0.453,34.81,22.07,2.68
GP_103,Govindanagaram,THENI,Theni,9.96675,77.45605,0,UNVERIFIED_DRAFT,265.8,-28.4,7.36,-0.5177,-0.8556,-3.81,15.96,0.4539,0.1408,0.3366,0.0686,0.483,33.98,22.69,3.04
GP_104,Jangalpatty,THENI,Theni,10.03639,77.45684,0,UNVERIFIED_DRAFT,236.0,-58.2,4.07,0.7561,0.6545,-8.02,9.99,0.3833,0.2119,0.3784,0.0264,0.451,35.44,22.59,2.54
GP_105,Kattunaickanpatty,THENI,Theni,10.00879,77.50065,0,UNVERIFIED_DRAFT,274.6,-19.6,1.67,0.9893,0.1461,-12.69,11.19,0.5321,0.1241,0.3132,0.0305,0.483,34.95,22.57,2.74
GP_106,Koduvilarpatty,THENI,Theni,9.972,77.501,1,VERIFIED,369.1,74.9,1.39,-0.8747,-0.4846,-17.87,13.51,0.6062,0.1553,0.2031,0.0353,0.546,33.95,22.23,2.38
GP_107,Kottur,THENI,Theni,9.954,77.452,1,VERIFIED,300.9,6.7,0.96,0.5708,0.8211,4.67,14.77,0.5231,0.2404,0.2038,0.0327,0.496,34.39,22.7,2.62
GP_108,Kuppinaickanpatty,THENI,Theni,10.01285,77.46754,0,UNVERIFIED_DRAFT,337.9,43.7,2.15,-0.9995,0.0331,-6.2,12.48,0.4882,0.1354,0.3202,0.0562,0.425,33.59,21.45,2.75
GP_109,Nagalapuram,THENI,Theni,10.01188,77.42,0,UNVERIFIED_DRAFT,256.4,-37.8,0.5,-0.5908,-0.8068,-1.31,13.81,0.5145,0.1662,0.2862,0.033,0.496,34.48,23.1,2.77
GP_110,Pommalaikundu,THENI,Theni,10.00022,77.51188,0,UNVERIFIED_DRAFT,316.0,21.8,2.59,0.5725,-0.8199,-9.89,10.62,0.5645,0.1071,0.2878,0.0406,0.504,34.46,22.29,2.85
GP_111,Seelayampatty,THENI,Theni,10.07,77.50087,0,UNVERIFIED_DRAFT,343.7,49.5,4.5,0.8905,0.4549,-28.21,6.88,0.5699,0.1479,0.2258,0.0564,0.508,33.37,21.89,1.73
GP_112,Srirengapuram,THENI,Theni,10.01538,77.48503,0,UNVERIFIED_DRAFT,305.3,11.1,4.01,0.9773,0.2118,-14.35,12.27,0.5457,0.1763,0.2197,0.0583,0.517,34.2,22.12,2.51
GP_113,Thadicheri,THENI,Theni,9.98319,77.50887,0,UNVERIFIED_DRAFT,281.4,-12.8,3.81,-0.0592,-0.9982,-20.27,12.04,0.4736,0.1402,0.3709,0.0153,0.429,34.44,22.89,2.45
GP_114,Thappukundu,THENI,Theni,10.0416,77.46386,0,UNVERIFIED_DRAFT,254.0,-40.2,5.67,-0.9947,-0.1028,-10.53,9.32,0.5697,0.0644,0.3043,0.0616,0.405,34.74,22.64,2.77
GP_115,Unjampatty,THENI,Theni,10.0541,77.46656,0,UNVERIFIED_DRAFT,299.2,5.0,1.75,0.2827,-0.9592,-17.54,7.91,0.536,0.2252,0.228,0.0108,0.518,34.03,21.48,2.69
GP_116,Upparpatty,THENI,Theni,9.95576,77.49306,0,UNVERIFIED_DRAFT,302.2,8.0,5.56,0.3821,-0.9241,-16.97,15.39,0.4837,0.107,0.3856,0.0238,0.442,34.48,22.9,3.07
GP_117,Vengatachalapuram,THENI,Theni,9.99085,77.4949,0,UNVERIFIED_DRAFT,296.1,1.9,2.14,0.8096,0.5869,-7.29,12.74,0.5883,0.1212,0.2513,0.0392,0.482,34.07,22.93,2.31
GP_118,Annaimalayanpatty,UTHA,Uthamapalayam,9.82432,77.34031,0,UNVERIFIED_DRAFT,364.3,-57.0,12.22,0.9182,0.396,11.58,6.19,0.7009,0.1772,0.0994,0.0225,0.556,34.55,21.91,2.56
GP_119,Gokilapuram,UTHA,Uthamapalayam,9.832,77.331,1,VERIFIED,462.9,41.6,11.72,-0.7859,-0.6183,-5.83,5.43,0.6183,0.2107,0.1213,0.0497,0.596,32.97,21.64,3.08
GP_120,Lakshminayakanpatty,UTHA,Uthamapalayam,9.84961,77.34285,0,UNVERIFIED_DRAFT,401.9,-19.4,7.12,0.4139,-0.9103,-12.81,3.39,0.7988,0.0992,0.0694,0.0326,0.614,34.03,22.17,2.57
GP_121,Melasindalaicery,UTHA,Uthamapalayam,9.81038,77.29662,0,UNVERIFIED_DRAFT,431.2,9.9,10.63,-0.9995,0.0317,12.14,8.48,0.6725,0.2056,0.1026,0.0193,0.616,33.65,21.68,2.8
GP_122,Nagayagoundanpatty,UTHA,Uthamapalayam,9.78251,77.35117,0,UNVERIFIED_DRAFT,401.3,-20.0,12.75,0.9738,0.2273,5.78,8.97,0.706,0.146,0.0809,0.0671,0.596,34.75,22.06,2.21
GP_123,Pallavarayanpatti,UTHA,Uthamapalayam,9.80455,77.33073,0,UNVERIFIED_DRAFT,442.9,21.6,11.02,-0.7555,-0.6552,-6.22,8.45,0.717,0.1472,0.0793,0.0565,0.567,33.96,21.43,2.94
GP_124,Ramasamynayakanpatty,UTHA,Uthamapalayam,9.84612,77.28402,0,UNVERIFIED_DRAFT,395.6,-25.7,12.38,0.9251,0.3796,14.47,7.2,0.7594,0.1268,0.0744,0.0394,0.579,34.01,21.82,2.85
GP_125,Royappanpatty,UTHA,Uthamapalayam,9.84523,77.30309,0,UNVERIFIED_DRAFT,402.1,-19.2,7.75,0.9396,-0.3423,-8.17,5.59,0.6389,0.2362,0.1124,0.0125,0.645,34.38,21.53,3.09
GP_126,T.Meenatchipuram,UTHA,Uthamapalayam,9.79469,77.36023,0,UNVERIFIED_DRAFT,378.8,-42.5,10.22,0.1193,-0.9929,-8.36,9.74,0.6283,0.1675,0.125,0.0793,0.622,34.34,22.37,2.86
GP_127,T.Renganathapuram,UTHA,Uthamapalayam,9.85706,77.30949,0,UNVERIFIED_DRAFT,456.5,35.2,7.3,0.011,-0.9999,11.16,4.2,0.664,0.2193,0.1062,0.0106,0.628,33.18,21.17,2.64
GP_128,T.Sindalaichery,UTHA,Uthamapalayam,9.77896,77.29188,0,UNVERIFIED_DRAFT,435.1,13.8,11.42,-0.9959,-0.09,-13.65,4.95,0.5869,0.248,0.1145,0.0507,0.579,33.11,21.5,3.16
GP_129,Thamminayakanpatty,UTHA,Uthamapalayam,9.78508,77.37007,0,UNVERIFIED_DRAFT,458.9,37.6,15.67,0.9164,0.4002,-14.11,10.86,0.7037,0.1604,0.1239,0.012,0.592,33.75,21.44,2.79
GP_130,U.Ammapatty,UTHA,Uthamapalayam,9.82149,77.30515,0,UNVERIFIED_DRAFT,446.0,24.7,8.73,0.1068,-0.9943,13.9,7.54,0.6235,0.2287,0.1194,0.0284,0.572,33.61,21.19,2.96
